<metadata xml:lang="en"><Esri><CreaDate>20131011</CreaDate><CreaTime>09460500</CreaTime><ArcGISFormat>1.0</ArcGISFormat><ArcGISstyle>ISO 19139 Metadata Implementation Specification</ArcGISstyle><SyncOnce>FALSE</SyncOnce><DataProperties><itemProps><itemName Sync="TRUE">NGPipelinesEIA</itemName><imsContentType Sync="TRUE">002</imsContentType><itemLocation><linkage Sync="TRUE">file://\\Fs-f3\oes\SSAM\Maps\StatesProductionMap\Shapefiles\SHP_Public_AddSourceField_20141210\NGPipelinesEIA.shp</linkage><protocol Sync="TRUE">Local Area Network</protocol></itemLocation><nativeExtBox><westBL Sync="TRUE">-16871461.688300</westBL><eastBL Sync="TRUE">-7506282.392400</eastBL><southBL Sync="TRUE">2923266.501600</southBL><northBL Sync="TRUE">8511901.458100</northBL><exTypeCode Sync="TRUE">1</exTypeCode></nativeExtBox><itemSize Sync="TRUE">0.000</itemSize></itemProps><coordRef><type Sync="TRUE">Projected</type><geogcsn Sync="TRUE">GCS_WGS_1984</geogcsn><csUnits Sync="TRUE">Linear Unit: Meter (1.000000)</csUnits><projcsn Sync="TRUE">WGS_1984_Web_Mercator_Auxiliary_Sphere</projcsn><peXml Sync="TRUE">&lt;ProjectedCoordinateSystem xsi:type='typens:ProjectedCoordinateSystem' xmlns:xsi='http://www.w3.org/2001/XMLSchema-instance' xmlns:xs='http://www.w3.org/2001/XMLSchema' xmlns:typens='http://www.esri.com/schemas/ArcGIS/10.1'&gt;&lt;WKT&gt;PROJCS[&amp;quot;WGS_1984_Web_Mercator_Auxiliary_Sphere&amp;quot;,GEOGCS[&amp;quot;GCS_WGS_1984&amp;quot;,DATUM[&amp;quot;D_WGS_1984&amp;quot;,SPHEROID[&amp;quot;WGS_1984&amp;quot;,6378137.0,298.257223563]],PRIMEM[&amp;quot;Greenwich&amp;quot;,0.0],UNIT[&amp;quot;Degree&amp;quot;,0.0174532925199433]],PROJECTION[&amp;quot;Mercator_Auxiliary_Sphere&amp;quot;],PARAMETER[&amp;quot;False_Easting&amp;quot;,0.0],PARAMETER[&amp;quot;False_Northing&amp;quot;,0.0],PARAMETER[&amp;quot;Central_Meridian&amp;quot;,0.0],PARAMETER[&amp;quot;Standard_Parallel_1&amp;quot;,0.0],PARAMETER[&amp;quot;Auxiliary_Sphere_Type&amp;quot;,0.0],UNIT[&amp;quot;Meter&amp;quot;,1.0],AUTHORITY[&amp;quot;EPSG&amp;quot;,3857]]&lt;/WKT&gt;&lt;XOrigin&gt;-20037700&lt;/XOrigin&gt;&lt;YOrigin&gt;-30241100&lt;/YOrigin&gt;&lt;XYScale&gt;148923141.92838538&lt;/XYScale&gt;&lt;ZOrigin&gt;-100000&lt;/ZOrigin&gt;&lt;ZScale&gt;10000&lt;/ZScale&gt;&lt;MOrigin&gt;-100000&lt;/MOrigin&gt;&lt;MScale&gt;10000&lt;/MScale&gt;&lt;XYTolerance&gt;0.001&lt;/XYTolerance&gt;&lt;ZTolerance&gt;0.001&lt;/ZTolerance&gt;&lt;MTolerance&gt;0.001&lt;/MTolerance&gt;&lt;HighPrecision&gt;true&lt;/HighPrecision&gt;&lt;WKID&gt;102100&lt;/WKID&gt;&lt;LatestWKID&gt;3857&lt;/LatestWKID&gt;&lt;/ProjectedCoordinateSystem&gt;</peXml></coordRef><lineage><Process ToolSource="c:\program files (x86)\arcgis\desktop10.1\ArcToolbox\Toolboxes\Conversion Tools.tbx\FeatureClassToFeatureClass" Date="20120919" Time="163624" Name="" export="">FeatureClassToFeatureClass "P:\Projects\20120503StatesV1\DATA\SHP\NaturalGasPipelines(EIA)\EIA-ng pipelines\PLALLPLS_polyline.shp" P:\StatesProductionMap\20120811States30DataForWebProjected.gdb EIANaturalGasPipelines # "LAST_UPDT "LAST_UPDT" true true false 8 Date 0 0 ,First,#,P:\Projects\20120503StatesV1\DATA\SHP\NaturalGasPipelines(EIA)\EIA-ng pipelines\PLALLPLS_polyline.shp,LAST_UPDT,-1,-1;STREET "STREET" true true false 40 Text 0 0 ,First,#,P:\Projects\20120503StatesV1\DATA\SHP\NaturalGasPipelines(EIA)\EIA-ng pipelines\PLALLPLS_polyline.shp,STREET,-1,-1;STATE "STATE" true true false 2 Text 0 0 ,First,#,P:\Projects\20120503StatesV1\DATA\SHP\NaturalGasPipelines(EIA)\EIA-ng pipelines\PLALLPLS_polyline.shp,STATE,-1,-1;SEGMENTID "SEGMENTID" true true false 8 Text 0 0 ,First,#,P:\Projects\20120503StatesV1\DATA\SHP\NaturalGasPipelines(EIA)\EIA-ng pipelines\PLALLPLS_polyline.shp,SEGMENTID,-1,-1;PSIA "PSIA" true true false 31 Double 15 30 ,First,#,P:\Projects\20120503StatesV1\DATA\SHP\NaturalGasPipelines(EIA)\EIA-ng pipelines\PLALLPLS_polyline.shp,PSIA,-1,-1;SIZE1_IN "SIZE1_IN" true true false 31 Double 15 30 ,First,#,P:\Projects\20120503StatesV1\DATA\SHP\NaturalGasPipelines(EIA)\EIA-ng pipelines\PLALLPLS_polyline.shp,SIZE1_IN,-1,-1;NUM1 "NUM1" true true false 31 Double 15 30 ,First,#,P:\Projects\20120503StatesV1\DATA\SHP\NaturalGasPipelines(EIA)\EIA-ng pipelines\PLALLPLS_polyline.shp,NUM1,-1,-1;SIZE2_IN "SIZE2_IN" true true false 31 Double 15 30 ,First,#,P:\Projects\20120503StatesV1\DATA\SHP\NaturalGasPipelines(EIA)\EIA-ng pipelines\PLALLPLS_polyline.shp,SIZE2_IN,-1,-1;NUM2 "NUM2" true true false 31 Double 15 30 ,First,#,P:\Projects\20120503StatesV1\DATA\SHP\NaturalGasPipelines(EIA)\EIA-ng pipelines\PLALLPLS_polyline.shp,NUM2,-1,-1;SIZE3_IN "SIZE3_IN" true true false 31 Double 15 30 ,First,#,P:\Projects\20120503StatesV1\DATA\SHP\NaturalGasPipelines(EIA)\EIA-ng pipelines\PLALLPLS_polyline.shp,SIZE3_IN,-1,-1;NUM3 "NUM3" true true false 31 Double 15 30 ,First,#,P:\Projects\20120503StatesV1\DATA\SHP\NaturalGasPipelines(EIA)\EIA-ng pipelines\PLALLPLS_polyline.shp,NUM3,-1,-1;LOOPED_YN "LOOPED_YN" true true false 1 Text 0 0 ,First,#,P:\Projects\20120503StatesV1\DATA\SHP\NaturalGasPipelines(EIA)\EIA-ng pipelines\PLALLPLS_polyline.shp,LOOPED_YN,-1,-1;DIRECTION "DIRECTION" true true false 2 Text 0 0 ,First,#,P:\Projects\20120503StatesV1\DATA\SHP\NaturalGasPipelines(EIA)\EIA-ng pipelines\PLALLPLS_polyline.shp,DIRECTION,-1,-1;BIDIRECT_Y "BIDIRECT_Y" true true false 1 Text 0 0 ,First,#,P:\Projects\20120503StatesV1\DATA\SHP\NaturalGasPipelines(EIA)\EIA-ng pipelines\PLALLPLS_polyline.shp,BIDIRECT_Y,-1,-1;MILES "MILES" true true false 31 Double 15 30 ,First,#,P:\Projects\20120503StatesV1\DATA\SHP\NaturalGasPipelines(EIA)\EIA-ng pipelines\PLALLPLS_polyline.shp,MILES,-1,-1;UNCONNECTE "UNCONNECTE" true true false 11 Text 0 0 ,First,#,P:\Projects\20120503StatesV1\DATA\SHP\NaturalGasPipelines(EIA)\EIA-ng pipelines\PLALLPLS_polyline.shp,UNCONNECTE,-1,-1;STARTSEG "STARTSEG" true true false 9 Text 0 0 ,First,#,P:\Projects\20120503StatesV1\DATA\SHP\NaturalGasPipelines(EIA)\EIA-ng pipelines\PLALLPLS_polyline.shp,STARTSEG,-1,-1;PERSONUPDT "PERSONUPDT" true true false 3 Text 0 0 ,First,#,P:\Projects\20120503StatesV1\DATA\SHP\NaturalGasPipelines(EIA)\EIA-ng pipelines\PLALLPLS_polyline.shp,PERSONUPDT,-1,-1;MAPID "MAPID" true true false 6 Text 0 0 ,First,#,P:\Projects\20120503StatesV1\DATA\SHP\NaturalGasPipelines(EIA)\EIA-ng pipelines\PLALLPLS_polyline.shp,MAPID,-1,-1;TYPEPIPE "TYPEPIPE" true true false 10 Text 0 0 ,First,#,P:\Projects\20120503StatesV1\DATA\SHP\NaturalGasPipelines(EIA)\EIA-ng pipelines\PLALLPLS_polyline.shp,TYPEPIPE,-1,-1;PROJECTNAM "PROJECTNAM" true true false 40 Text 0 0 ,First,#,P:\Projects\20120503StatesV1\DATA\SHP\NaturalGasPipelines(EIA)\EIA-ng pipelines\PLALLPLS_polyline.shp,PROJECTNAM,-1,-1;YEAR "YEAR" true true false 11 Double 0 11 ,First,#,P:\Projects\20120503StatesV1\DATA\SHP\NaturalGasPipelines(EIA)\EIA-ng pipelines\PLALLPLS_polyline.shp,YEAR,-1,-1" #</Process><Process ToolSource="c:\program files (x86)\arcgis\desktop10.1\ArcToolbox\Toolboxes\Data Management Tools.tbx\CalculateField" Date="20131011" Time="093736">CalculateField NGPipelinesEIA OperatorName [STREET] VB #</Process><Process ToolSource="c:\program files (x86)\arcgis\desktop10.1\ArcToolbox\Toolboxes\Data Management Tools.tbx\CalculateField" Date="20150128" Time="101532">CalculateField NGPipelinesEIA Source "EIA from FERC and other external sources" VB #</Process><Process ToolSource="c:\program files (x86)\arcgis\desktop10.1\ArcToolbox\Toolboxes\Conversion Tools.tbx\FeatureClassToFeatureClass" Date="20150128" Time="135202">FeatureClassToFeatureClass \\Fs-f3\oes\SSAM\Maps\StatesProductionMap\StateEnergyProfilesFinal.gdb\NGPipelinesEIA \\Fs-f3\oes\SSAM\Maps\StatesProductionMap\Shapefiles\SHP_Public_AddSourceField_20141210 NGPipelinesEIA.shp # "OperatorNa "OperatorName" true true false 50 Text 0 0 ,First,#,\\Fs-f3\oes\SSAM\Maps\StatesProductionMap\StateEnergyProfilesFinal.gdb\NGPipelinesEIA,OperatorName,-1,-1;Source "Source" true true false 50 Text 0 0 ,First,#,\\Fs-f3\oes\SSAM\Maps\StatesProductionMap\StateEnergyProfilesFinal.gdb\NGPipelinesEIA,Source,-1,-1" #</Process></lineage></DataProperties><SyncDate>20150128</SyncDate><SyncTime>13515200</SyncTime><ModDate>20150128</ModDate><ModTime>13515200</ModTime><scaleRange><minScale>150000000</minScale><maxScale>5000</maxScale></scaleRange><ArcGISProfile>FGDC</ArcGISProfile></Esri><dataIdInfo><envirDesc Sync="TRUE">Microsoft Windows 7 Version 6.1 (Build 7601) Service Pack 1; Esri ArcGIS 10.1.0.3035</envirDesc><dataLang><languageCode value="eng" Sync="TRUE"/><countryCode value="USA" Sync="TRUE"/></dataLang><idCitation><resTitle Sync="FALSE">Natural Gas Pipelines</resTitle><presForm><PresFormCd value="005" Sync="TRUE"/></presForm></idCitation><spatRpType><SpatRepTypCd value="001" Sync="TRUE"/></spatRpType><dataExt><geoEle xmlns=""><GeoBndBox esriExtentType="search"><exTypeCode Sync="TRUE">1</exTypeCode><westBL Sync="TRUE">-151.558919</westBL><eastBL Sync="TRUE">-67.430082</eastBL><northBL Sync="TRUE">60.499968</northBL><southBL Sync="TRUE">25.386288</southBL></GeoBndBox></geoEle></dataExt><idPurp>This is a polyline dataset representing the major natural gas transmission pipelines in the U.S. including interstate, intrastate, and gathering pipelines.These data were obtained by the U.S. Energy Information Administration from various sources including FERC Form 567—Annual Report Of System Flow Diagrams and Capacity, and other external sources such as company web pages and industry press.  Last updated 1/6/2012.</idPurp><searchKeys><keyword>natural gas</keyword><keyword>pipelines</keyword><keyword>interstate</keyword><keyword>intrastate</keyword><keyword>gathering</keyword></searchKeys><resConst><Consts><useLimit>&lt;DIV STYLE="text-align:Left;"&gt;&lt;DIV&gt;&lt;DIV&gt;&lt;P STYLE="margin:0 0 14 0;"&gt;&lt;SPAN&gt;&lt;SPAN&gt;The U.S. Energy Information Administration shall not be held liable for improper or incorrect use of the data described and/or contained herein. These data and related graphics, if available, are not legal documents and are not intended to be used as such. The information contained in these data is dynamic and may change over time. The U.S. Energy Information Administration gives no warranty, expressed or implied, as to the accuracy, reliability, or completeness of these data.&lt;/SPAN&gt;&lt;/SPAN&gt;&lt;/P&gt;&lt;P&gt;&lt;SPAN /&gt;&lt;/P&gt;&lt;/DIV&gt;&lt;/DIV&gt;&lt;/DIV&gt;</useLimit></Consts></resConst></dataIdInfo><mdLang><languageCode value="eng" Sync="TRUE"/><countryCode value="USA" Sync="TRUE"/></mdLang><distInfo><distFormat><formatName Sync="TRUE">Shapefile</formatName></distFormat><distTranOps><transSize Sync="TRUE">0.000</transSize></distTranOps></distInfo><mdHrLv><ScopeCd value="005" Sync="TRUE"/></mdHrLv><mdHrLvName Sync="TRUE">dataset</mdHrLvName><refSysInfo><RefSystem><refSysID><identCode code="3857" Sync="TRUE" value="3857"/><idCodeSpace Sync="TRUE">EPSG</idCodeSpace><idVersion Sync="TRUE">7.9.4</idVersion></refSysID></RefSystem></refSysInfo><spatRepInfo><VectSpatRep><geometObjs Name="NGPipelinesEIA"><geoObjTyp><GeoObjTypCd value="002" Sync="TRUE"></GeoObjTypCd></geoObjTyp><geoObjCnt Sync="TRUE">0</geoObjCnt></geometObjs><topLvl><TopoLevCd value="001" Sync="TRUE"></TopoLevCd></topLvl></VectSpatRep></spatRepInfo><spdoinfo><ptvctinf><esriterm Name="NGPipelinesEIA"><efeatyp Sync="TRUE">Simple</efeatyp><efeageom code="3" Sync="TRUE"></efeageom><esritopo Sync="TRUE">FALSE</esritopo><efeacnt Sync="TRUE">0</efeacnt><spindex Sync="TRUE">FALSE</spindex><linrefer Sync="TRUE">FALSE</linrefer></esriterm></ptvctinf></spdoinfo><eainfo><detailed Name="NGPipelinesEIA" xmlns=""><enttyp><enttypl Sync="TRUE">NGPipelinesEIA</enttypl><enttypt Sync="TRUE">Feature Class</enttypt><enttypc Sync="TRUE">0</enttypc></enttyp><attr><attrlabl Sync="TRUE">FID</attrlabl><attalias Sync="TRUE">FID</attalias><attrtype Sync="TRUE">OID</attrtype><attwidth Sync="TRUE">4</attwidth><atprecis Sync="TRUE">0</atprecis><attscale Sync="TRUE">0</attscale><attrdef Sync="TRUE">Internal feature number.</attrdef><attrdefs Sync="TRUE">Esri</attrdefs><attrdomv><udom Sync="TRUE">Sequential unique whole numbers that are automatically generated.</udom></attrdomv></attr><attr xmlns=""><attrlabl Sync="TRUE">Shape</attrlabl><attalias Sync="TRUE">Shape</attalias><attrtype Sync="TRUE">Geometry</attrtype><attwidth Sync="TRUE">0</attwidth><atprecis Sync="TRUE">0</atprecis><attscale Sync="TRUE">0</attscale><attrdef Sync="TRUE">Feature geometry.</attrdef><attrdefs Sync="TRUE">Esri</attrdefs><attrdomv><udom Sync="TRUE">Coordinates defining the features.</udom></attrdomv></attr><attr><attrlabl Sync="TRUE">OperatorNa</attrlabl><attalias Sync="TRUE">OperatorNa</attalias><attrtype Sync="TRUE">String</attrtype><attwidth Sync="TRUE">50</attwidth><atprecis Sync="TRUE">0</atprecis><attscale Sync="TRUE">0</attscale></attr><attr><attrlabl Sync="TRUE">Source</attrlabl><attalias Sync="TRUE">Source</attalias><attrtype Sync="TRUE">String</attrtype><attwidth Sync="TRUE">50</attwidth><atprecis Sync="TRUE">0</atprecis><attscale Sync="TRUE">0</attscale></attr></detailed></eainfo><mdDateSt Sync="TRUE">20150128</mdDateSt></metadata>
